<Anims>
 <anim name="idle" root="paperbox" numframes="1000" framerate="40">
  <frame idx="0" w="329" h="345" x="21.000000" y="-56.333328">
   <element name="symbol0" layername="paperbox" frame="0" z_index="2" m_a="2.500000" m_b="0.000000" m_c="0.000000" m_d="2.000000" m_tx="-139.000000" m_ty="-184.333328"/>
  </frame>
  <frame idx="25" w="329" h="345" x="21.000000" y="-56.333328">
   <element name="symbol0" layername="paperbox" frame="0" z_index="2" m_a="2.500000" m_b="0.000000" m_c="0.000000" m_d="2.000000" m_tx="-139.000000" m_ty="-184.333328"/>
  </frame>
  <frame idx="50" w="329" h="345" x="21.000000" y="-56.333328">
   <element name="symbol0" layername="paperbox" frame="0" z_index="2" m_a="2.500000" m_b="0.000000" m_c="0.000000" m_d="2.000000" m_tx="-139.000000" m_ty="-184.333328"/>
  </frame>
  <frame idx="75" w="329" h="345" x="21.000000" y="-56.333328">
   <element name="symbol0" layername="paperbox" frame="0" z_index="2" m_a="2.500000" m_b="0.000000" m_c="0.000000" m_d="2.000000" m_tx="-139.000000" m_ty="-184.333328"/>
  </frame>
  <frame idx="100" w="329" h="345" x="21.000000" y="-56.333328">
   <element name="symbol0" layername="paperbox" frame="0" z_index="2" m_a="2.500000" m_b="0.000000" m_c="0.000000" m_d="2.000000" m_tx="-139.000000" m_ty="-184.333328"/>
  </frame>
  <frame idx="125" w="329" h="345" x="21.000000" y="-56.333328">
   <element name="symbol0" layername="paperbox" frame="0" z_index="2" m_a="2.500000" m_b="0.000000" m_c="0.000000" m_d="2.000000" m_tx="-139.000000" m_ty="-184.333328"/>
  </frame>
  <frame idx="150" w="329" h="345" x="21.000000" y="-56.333328">
   <element name="symbol0" layername="paperbox" frame="0" z_index="2" m_a="2.500000" m_b="0.000000" m_c="0.000000" m_d="2.000000" m_tx="-139.000000" m_ty="-184.333328"/>
  </frame>
  <frame idx="175" w="329" h="345" x="21.000000" y="-56.333328">
   <element name="symbol0" layername="paperbox" frame="0" z_index="2" m_a="2.500000" m_b="0.000000" m_c="0.000000" m_d="2.000000" m_tx="-139.000000" m_ty="-184.333328"/>
  </frame>
  <frame idx="200" w="329" h="345" x="21.000000" y="-56.333328">
   <element name="symbol0" layername="paperbox" frame="0" z_index="2" m_a="2.500000" m_b="0.000000" m_c="0.000000" m_d="2.000000" m_tx="-139.000000" m_ty="-184.333328"/>
  </frame>
  <frame idx="225" w="329" h="345" x="21.000000" y="-56.333328">
   <element name="symbol0" layername="paperbox" frame="0" z_index="2" m_a="2.500000" m_b="0.000000" m_c="0.000000" m_d="2.000000" m_tx="-139.000000" m_ty="-184.333328"/>
  </frame>
  <frame idx="250" w="329" h="345" x="21.000000" y="-56.333328">
   <element name="symbol0" layername="paperbox" frame="0" z_index="2" m_a="2.500000" m_b="0.000000" m_c="0.000000" m_d="2.000000" m_tx="-139.000000" m_ty="-184.333328"/>
  </frame>
  <frame idx="275" w="329" h="345" x="21.000000" y="-56.333328">
   <element name="symbol0" layername="paperbox" frame="0" z_index="2" m_a="2.500000" m_b="0.000000" m_c="0.000000" m_d="2.000000" m_tx="-139.000000" m_ty="-184.333328"/>
  </frame>
  <frame idx="300" w="329" h="345" x="21.000000" y="-56.333328">
   <element name="symbol0" layername="paperbox" frame="0" z_index="2" m_a="2.500000" m_b="0.000000" m_c="0.000000" m_d="2.000000" m_tx="-139.000000" m_ty="-184.333328"/>
  </frame>
  <frame idx="325" w="329" h="345" x="21.000000" y="-56.333328">
   <element name="symbol0" layername="paperbox" frame="0" z_index="2" m_a="2.500000" m_b="0.000000" m_c="0.000000" m_d="2.000000" m_tx="-139.000000" m_ty="-184.333328"/>
  </frame>
  <frame idx="350" w="329" h="345" x="21.000000" y="-56.333328">
   <element name="symbol0" layername="paperbox" frame="0" z_index="2" m_a="2.500000" m_b="0.000000" m_c="0.000000" m_d="2.000000" m_tx="-139.000000" m_ty="-184.333328"/>
  </frame>
  <frame idx="375" w="329" h="345" x="21.000000" y="-56.333328">
   <element name="symbol0" layername="paperbox" frame="0" z_index="2" m_a="2.500000" m_b="0.000000" m_c="0.000000" m_d="2.000000" m_tx="-139.000000" m_ty="-184.333328"/>
  </frame>
  <frame idx="400" w="329" h="345" x="21.000000" y="-56.333328">
   <element name="symbol0" layername="paperbox" frame="0" z_index="2" m_a="2.500000" m_b="0.000000" m_c="0.000000" m_d="2.000000" m_tx="-139.000000" m_ty="-184.333328"/>
  </frame>
  <frame idx="425" w="329" h="345" x="21.000000" y="-56.333328">
   <element name="symbol0" layername="paperbox" frame="0" z_index="2" m_a="2.500000" m_b="0.000000" m_c="0.000000" m_d="2.000000" m_tx="-139.000000" m_ty="-184.333328"/>
  </frame>
  <frame idx="450" w="329" h="345" x="21.000000" y="-56.333328">
   <element name="symbol0" layername="paperbox" frame="0" z_index="2" m_a="2.500000" m_b="0.000000" m_c="0.000000" m_d="2.000000" m_tx="-139.000000" m_ty="-184.333328"/>
  </frame>
  <frame idx="475" w="329" h="345" x="21.000000" y="-56.333328">
   <element name="symbol0" layername="paperbox" frame="0" z_index="2" m_a="2.500000" m_b="0.000000" m_c="0.000000" m_d="2.000000" m_tx="-139.000000" m_ty="-184.333328"/>
  </frame>
  <frame idx="500" w="329" h="345" x="21.000000" y="-56.333328">
   <element name="symbol0" layername="paperbox" frame="0" z_index="2" m_a="2.500000" m_b="0.000000" m_c="0.000000" m_d="2.000000" m_tx="-139.000000" m_ty="-184.333328"/>
  </frame>
  <frame idx="525" w="329" h="345" x="21.000000" y="-56.333328">
   <element name="symbol0" layername="paperbox" frame="0" z_index="2" m_a="2.500000" m_b="0.000000" m_c="0.000000" m_d="2.000000" m_tx="-139.000000" m_ty="-184.333328"/>
  </frame>
  <frame idx="550" w="329" h="345" x="21.000000" y="-56.333328">
   <element name="symbol0" layername="paperbox" frame="0" z_index="2" m_a="2.500000" m_b="0.000000" m_c="0.000000" m_d="2.000000" m_tx="-139.000000" m_ty="-184.333328"/>
  </frame>
  <frame idx="575" w="329" h="345" x="21.000000" y="-56.333328">
   <element name="symbol0" layername="paperbox" frame="0" z_index="2" m_a="2.500000" m_b="0.000000" m_c="0.000000" m_d="2.000000" m_tx="-139.000000" m_ty="-184.333328"/>
  </frame>
  <frame idx="600" w="329" h="345" x="21.000000" y="-56.333328">
   <element name="symbol0" layername="paperbox" frame="0" z_index="2" m_a="2.500000" m_b="0.000000" m_c="0.000000" m_d="2.000000" m_tx="-139.000000" m_ty="-184.333328"/>
  </frame>
  <frame idx="625" w="329" h="345" x="21.000000" y="-56.333328">
   <element name="symbol0" layername="paperbox" frame="0" z_index="2" m_a="2.500000" m_b="0.000000" m_c="0.000000" m_d="2.000000" m_tx="-139.000000" m_ty="-184.333328"/>
  </frame>
  <frame idx="650" w="329" h="345" x="21.000000" y="-56.333328">
   <element name="symbol0" layername="paperbox" frame="0" z_index="2" m_a="2.500000" m_b="0.000000" m_c="0.000000" m_d="2.000000" m_tx="-139.000000" m_ty="-184.333328"/>
  </frame>
  <frame idx="675" w="329" h="345" x="21.000000" y="-56.333328">
   <element name="symbol0" layername="paperbox" frame="0" z_index="2" m_a="2.500000" m_b="0.000000" m_c="0.000000" m_d="2.000000" m_tx="-139.000000" m_ty="-184.333328"/>
  </frame>
  <frame idx="700" w="329" h="345" x="21.000000" y="-56.333328">
   <element name="symbol0" layername="paperbox" frame="0" z_index="2" m_a="2.500000" m_b="0.000000" m_c="0.000000" m_d="2.000000" m_tx="-139.000000" m_ty="-184.333328"/>
  </frame>
  <frame idx="725" w="329" h="345" x="21.000000" y="-56.333328">
   <element name="symbol0" layername="paperbox" frame="0" z_index="2" m_a="2.500000" m_b="0.000000" m_c="0.000000" m_d="2.000000" m_tx="-139.000000" m_ty="-184.333328"/>
  </frame>
  <frame idx="750" w="329" h="345" x="21.000000" y="-56.333328">
   <element name="symbol0" layername="paperbox" frame="0" z_index="2" m_a="2.500000" m_b="0.000000" m_c="0.000000" m_d="2.000000" m_tx="-139.000000" m_ty="-184.333328"/>
  </frame>
  <frame idx="775" w="329" h="345" x="21.000000" y="-56.333328">
   <element name="symbol0" layername="paperbox" frame="0" z_index="2" m_a="2.500000" m_b="0.000000" m_c="0.000000" m_d="2.000000" m_tx="-139.000000" m_ty="-184.333328"/>
  </frame>
  <frame idx="800" w="329" h="345" x="21.000000" y="-56.333328">
   <element name="symbol0" layername="paperbox" frame="0" z_index="2" m_a="2.500000" m_b="0.000000" m_c="0.000000" m_d="2.000000" m_tx="-139.000000" m_ty="-184.333328"/>
  </frame>
  <frame idx="825" w="329" h="345" x="21.000000" y="-56.333328">
   <element name="symbol0" layername="paperbox" frame="0" z_index="2" m_a="2.500000" m_b="0.000000" m_c="0.000000" m_d="2.000000" m_tx="-139.000000" m_ty="-184.333328"/>
  </frame>
  <frame idx="850" w="329" h="345" x="21.000000" y="-56.333328">
   <element name="symbol0" layername="paperbox" frame="0" z_index="2" m_a="2.500000" m_b="0.000000" m_c="0.000000" m_d="2.000000" m_tx="-139.000000" m_ty="-184.333328"/>
  </frame>
  <frame idx="875" w="329" h="345" x="21.000000" y="-56.333328">
   <element name="symbol0" layername="paperbox" frame="0" z_index="2" m_a="2.500000" m_b="0.000000" m_c="0.000000" m_d="2.000000" m_tx="-139.000000" m_ty="-184.333328"/>
  </frame>
  <frame idx="900" w="329" h="345" x="21.000000" y="-56.333328">
   <element name="symbol0" layername="paperbox" frame="0" z_index="2" m_a="2.500000" m_b="0.000000" m_c="0.000000" m_d="2.000000" m_tx="-139.000000" m_ty="-184.333328"/>
  </frame>
  <frame idx="925" w="329" h="345" x="21.000000" y="-56.333328">
   <element name="symbol0" layername="paperbox" frame="0" z_index="2" m_a="2.500000" m_b="0.000000" m_c="0.000000" m_d="2.000000" m_tx="-139.000000" m_ty="-184.333328"/>
  </frame>
  <frame idx="950" w="329" h="345" x="21.000000" y="-56.333328">
   <element name="symbol0" layername="paperbox" frame="0" z_index="2" m_a="2.500000" m_b="0.000000" m_c="0.000000" m_d="2.000000" m_tx="-139.000000" m_ty="-184.333328"/>
  </frame>
  <frame idx="975" w="329" h="345" x="21.000000" y="-56.333328">
   <element name="symbol0" layername="paperbox" frame="0" z_index="2" m_a="2.500000" m_b="0.000000" m_c="0.000000" m_d="2.000000" m_tx="-139.000000" m_ty="-184.333328"/>
  </frame>
 </anim>
 <anim name="open" root="paperbox" numframes="1000" framerate="40">
  <frame idx="0" w="329" h="345" x="21.000000" y="-56.333328">
   <element name="symbol0" layername="paperbox_open" frame="1" z_index="2" m_a="2.500000" m_b="0.000000" m_c="0.000000" m_d="2.000000" m_tx="-139.000000" m_ty="-184.333328"/>
  </frame>
  <frame idx="25" w="329" h="345" x="21.000000" y="-56.333328">
   <element name="symbol0" layername="paperbox_open" frame="1" z_index="2" m_a="2.500000" m_b="0.000000" m_c="0.000000" m_d="2.000000" m_tx="-139.000000" m_ty="-184.333328"/>
  </frame>
  <frame idx="50" w="329" h="345" x="21.000000" y="-56.333328">
   <element name="symbol0" layername="paperbox_open" frame="1" z_index="2" m_a="2.500000" m_b="0.000000" m_c="0.000000" m_d="2.000000" m_tx="-139.000000" m_ty="-184.333328"/>
  </frame>
  <frame idx="75" w="329" h="345" x="21.000000" y="-56.333328">
   <element name="symbol0" layername="paperbox_open" frame="1" z_index="2" m_a="2.500000" m_b="0.000000" m_c="0.000000" m_d="2.000000" m_tx="-139.000000" m_ty="-184.333328"/>
  </frame>
  <frame idx="100" w="329" h="345" x="21.000000" y="-56.333328">
   <element name="symbol0" layername="paperbox_open" frame="1" z_index="2" m_a="2.500000" m_b="0.000000" m_c="0.000000" m_d="2.000000" m_tx="-139.000000" m_ty="-184.333328"/>
  </frame>
  <frame idx="125" w="329" h="345" x="21.000000" y="-56.333328">
   <element name="symbol0" layername="paperbox_open" frame="1" z_index="2" m_a="2.500000" m_b="0.000000" m_c="0.000000" m_d="2.000000" m_tx="-139.000000" m_ty="-184.333328"/>
  </frame>
  <frame idx="150" w="329" h="345" x="21.000000" y="-56.333328">
   <element name="symbol0" layername="paperbox_open" frame="1" z_index="2" m_a="2.500000" m_b="0.000000" m_c="0.000000" m_d="2.000000" m_tx="-139.000000" m_ty="-184.333328"/>
  </frame>
  <frame idx="175" w="329" h="345" x="21.000000" y="-56.333328">
   <element name="symbol0" layername="paperbox_open" frame="1" z_index="2" m_a="2.500000" m_b="0.000000" m_c="0.000000" m_d="2.000000" m_tx="-139.000000" m_ty="-184.333328"/>
  </frame>
  <frame idx="200" w="329" h="345" x="21.000000" y="-56.333328">
   <element name="symbol0" layername="paperbox_open" frame="1" z_index="2" m_a="2.500000" m_b="0.000000" m_c="0.000000" m_d="2.000000" m_tx="-139.000000" m_ty="-184.333328"/>
  </frame>
  <frame idx="225" w="329" h="345" x="21.000000" y="-56.333328">
   <element name="symbol0" layername="paperbox_open" frame="1" z_index="2" m_a="2.500000" m_b="0.000000" m_c="0.000000" m_d="2.000000" m_tx="-139.000000" m_ty="-184.333328"/>
  </frame>
  <frame idx="250" w="329" h="345" x="21.000000" y="-56.333328">
   <element name="symbol0" layername="paperbox_open" frame="1" z_index="2" m_a="2.500000" m_b="0.000000" m_c="0.000000" m_d="2.000000" m_tx="-139.000000" m_ty="-184.333328"/>
  </frame>
  <frame idx="275" w="329" h="345" x="21.000000" y="-56.333328">
   <element name="symbol0" layername="paperbox_open" frame="1" z_index="2" m_a="2.500000" m_b="0.000000" m_c="0.000000" m_d="2.000000" m_tx="-139.000000" m_ty="-184.333328"/>
  </frame>
  <frame idx="300" w="329" h="345" x="21.000000" y="-56.333328">
   <element name="symbol0" layername="paperbox_open" frame="1" z_index="2" m_a="2.500000" m_b="0.000000" m_c="0.000000" m_d="2.000000" m_tx="-139.000000" m_ty="-184.333328"/>
  </frame>
  <frame idx="325" w="329" h="345" x="21.000000" y="-56.333328">
   <element name="symbol0" layername="paperbox_open" frame="1" z_index="2" m_a="2.500000" m_b="0.000000" m_c="0.000000" m_d="2.000000" m_tx="-139.000000" m_ty="-184.333328"/>
  </frame>
  <frame idx="350" w="329" h="345" x="21.000000" y="-56.333328">
   <element name="symbol0" layername="paperbox_open" frame="1" z_index="2" m_a="2.500000" m_b="0.000000" m_c="0.000000" m_d="2.000000" m_tx="-139.000000" m_ty="-184.333328"/>
  </frame>
  <frame idx="375" w="329" h="345" x="21.000000" y="-56.333328">
   <element name="symbol0" layername="paperbox_open" frame="1" z_index="2" m_a="2.500000" m_b="0.000000" m_c="0.000000" m_d="2.000000" m_tx="-139.000000" m_ty="-184.333328"/>
  </frame>
  <frame idx="400" w="329" h="345" x="21.000000" y="-56.333328">
   <element name="symbol0" layername="paperbox_open" frame="1" z_index="2" m_a="2.500000" m_b="0.000000" m_c="0.000000" m_d="2.000000" m_tx="-139.000000" m_ty="-184.333328"/>
  </frame>
  <frame idx="425" w="329" h="345" x="21.000000" y="-56.333328">
   <element name="symbol0" layername="paperbox_open" frame="1" z_index="2" m_a="2.500000" m_b="0.000000" m_c="0.000000" m_d="2.000000" m_tx="-139.000000" m_ty="-184.333328"/>
  </frame>
  <frame idx="450" w="329" h="345" x="21.000000" y="-56.333328">
   <element name="symbol0" layername="paperbox_open" frame="1" z_index="2" m_a="2.500000" m_b="0.000000" m_c="0.000000" m_d="2.000000" m_tx="-139.000000" m_ty="-184.333328"/>
  </frame>
  <frame idx="475" w="329" h="345" x="21.000000" y="-56.333328">
   <element name="symbol0" layername="paperbox_open" frame="1" z_index="2" m_a="2.500000" m_b="0.000000" m_c="0.000000" m_d="2.000000" m_tx="-139.000000" m_ty="-184.333328"/>
  </frame>
  <frame idx="500" w="329" h="345" x="21.000000" y="-56.333328">
   <element name="symbol0" layername="paperbox_open" frame="1" z_index="2" m_a="2.500000" m_b="0.000000" m_c="0.000000" m_d="2.000000" m_tx="-139.000000" m_ty="-184.333328"/>
  </frame>
  <frame idx="525" w="329" h="345" x="21.000000" y="-56.333328">
   <element name="symbol0" layername="paperbox_open" frame="1" z_index="2" m_a="2.500000" m_b="0.000000" m_c="0.000000" m_d="2.000000" m_tx="-139.000000" m_ty="-184.333328"/>
  </frame>
  <frame idx="550" w="329" h="345" x="21.000000" y="-56.333328">
   <element name="symbol0" layername="paperbox_open" frame="1" z_index="2" m_a="2.500000" m_b="0.000000" m_c="0.000000" m_d="2.000000" m_tx="-139.000000" m_ty="-184.333328"/>
  </frame>
  <frame idx="575" w="329" h="345" x="21.000000" y="-56.333328">
   <element name="symbol0" layername="paperbox_open" frame="1" z_index="2" m_a="2.500000" m_b="0.000000" m_c="0.000000" m_d="2.000000" m_tx="-139.000000" m_ty="-184.333328"/>
  </frame>
  <frame idx="600" w="329" h="345" x="21.000000" y="-56.333328">
   <element name="symbol0" layername="paperbox_open" frame="1" z_index="2" m_a="2.500000" m_b="0.000000" m_c="0.000000" m_d="2.000000" m_tx="-139.000000" m_ty="-184.333328"/>
  </frame>
  <frame idx="625" w="329" h="345" x="21.000000" y="-56.333328">
   <element name="symbol0" layername="paperbox_open" frame="1" z_index="2" m_a="2.500000" m_b="0.000000" m_c="0.000000" m_d="2.000000" m_tx="-139.000000" m_ty="-184.333328"/>
  </frame>
  <frame idx="650" w="329" h="345" x="21.000000" y="-56.333328">
   <element name="symbol0" layername="paperbox_open" frame="1" z_index="2" m_a="2.500000" m_b="0.000000" m_c="0.000000" m_d="2.000000" m_tx="-139.000000" m_ty="-184.333328"/>
  </frame>
  <frame idx="675" w="329" h="345" x="21.000000" y="-56.333328">
   <element name="symbol0" layername="paperbox_open" frame="1" z_index="2" m_a="2.500000" m_b="0.000000" m_c="0.000000" m_d="2.000000" m_tx="-139.000000" m_ty="-184.333328"/>
  </frame>
  <frame idx="700" w="329" h="345" x="21.000000" y="-56.333328">
   <element name="symbol0" layername="paperbox_open" frame="1" z_index="2" m_a="2.500000" m_b="0.000000" m_c="0.000000" m_d="2.000000" m_tx="-139.000000" m_ty="-184.333328"/>
  </frame>
  <frame idx="725" w="329" h="345" x="21.000000" y="-56.333328">
   <element name="symbol0" layername="paperbox_open" frame="1" z_index="2" m_a="2.500000" m_b="0.000000" m_c="0.000000" m_d="2.000000" m_tx="-139.000000" m_ty="-184.333328"/>
  </frame>
  <frame idx="750" w="329" h="345" x="21.000000" y="-56.333328">
   <element name="symbol0" layername="paperbox_open" frame="1" z_index="2" m_a="2.500000" m_b="0.000000" m_c="0.000000" m_d="2.000000" m_tx="-139.000000" m_ty="-184.333328"/>
  </frame>
  <frame idx="775" w="329" h="345" x="21.000000" y="-56.333328">
   <element name="symbol0" layername="paperbox_open" frame="1" z_index="2" m_a="2.500000" m_b="0.000000" m_c="0.000000" m_d="2.000000" m_tx="-139.000000" m_ty="-184.333328"/>
  </frame>
  <frame idx="800" w="329" h="345" x="21.000000" y="-56.333328">
   <element name="symbol0" layername="paperbox_open" frame="1" z_index="2" m_a="2.500000" m_b="0.000000" m_c="0.000000" m_d="2.000000" m_tx="-139.000000" m_ty="-184.333328"/>
  </frame>
  <frame idx="825" w="329" h="345" x="21.000000" y="-56.333328">
   <element name="symbol0" layername="paperbox_open" frame="1" z_index="2" m_a="2.500000" m_b="0.000000" m_c="0.000000" m_d="2.000000" m_tx="-139.000000" m_ty="-184.333328"/>
  </frame>
  <frame idx="850" w="329" h="345" x="21.000000" y="-56.333328">
   <element name="symbol0" layername="paperbox_open" frame="1" z_index="2" m_a="2.500000" m_b="0.000000" m_c="0.000000" m_d="2.000000" m_tx="-139.000000" m_ty="-184.333328"/>
  </frame>
  <frame idx="875" w="329" h="345" x="21.000000" y="-56.333328">
   <element name="symbol0" layername="paperbox_open" frame="1" z_index="2" m_a="2.500000" m_b="0.000000" m_c="0.000000" m_d="2.000000" m_tx="-139.000000" m_ty="-184.333328"/>
  </frame>
  <frame idx="900" w="329" h="345" x="21.000000" y="-56.333328">
   <element name="symbol0" layername="paperbox_open" frame="1" z_index="2" m_a="2.500000" m_b="0.000000" m_c="0.000000" m_d="2.000000" m_tx="-139.000000" m_ty="-184.333328"/>
  </frame>
  <frame idx="925" w="329" h="345" x="21.000000" y="-56.333328">
   <element name="symbol0" layername="paperbox_open" frame="1" z_index="2" m_a="2.500000" m_b="0.000000" m_c="0.000000" m_d="2.000000" m_tx="-139.000000" m_ty="-184.333328"/>
  </frame>
  <frame idx="950" w="329" h="345" x="21.000000" y="-56.333328">
   <element name="symbol0" layername="paperbox_open" frame="1" z_index="2" m_a="2.500000" m_b="0.000000" m_c="0.000000" m_d="2.000000" m_tx="-139.000000" m_ty="-184.333328"/>
  </frame>
  <frame idx="975" w="329" h="345" x="21.000000" y="-56.333328">
   <element name="symbol0" layername="paperbox_open" frame="1" z_index="2" m_a="2.500000" m_b="0.000000" m_c="0.000000" m_d="2.000000" m_tx="-139.000000" m_ty="-184.333328"/>
  </frame>
 </anim>
</Anims>
